{
  "meta": {
    "explicacion": "Este objeto 'meta' es solo informativo: explica la estructura del archivo JSON. No debe borrar 'menu' si su script espera esa propiedad. El frontend ignora 'meta' y usa 'menu'.",
    "nota": "Cada elemento en 'menu' debe tener un id único. Pueden agregarse campos opcionales: 'icon' (string) y 'submenu' (array)."
  },

  "menu": [
    {
      "id": 1,
      "nombre": "Inicio",
      "enlace": "/inicio",
      "icon": "🏠"
    },
    {
      "id": 2,
      "nombre": "Sobre Nosotros",
      "enlace": "/sobre-nosotros",
      "icon": "ℹ️"
    },
    {
      "id": 3,
      "nombre": "Servicios",
      "enlace": "/servicios",
      "icon": "🛠️",
      "submenu": [
        { "id": 31, "nombre": "Desarrollo Web", "enlace": "/servicios/dev-web" },
        { "id": 32, "nombre": "Bases de Datos", "enlace": "/servicios/bd" }
      ]
    },
    {
      "id": 4,
      "nombre": "Contacto",
      "enlace": "/contacto",
      "icon": "📞"
    }
  ]
}
